{"train/train_loss_mean": 1.3889873807430266, "train/train_loss_std": 0.09956545406735351, "train/train_accuracy_mean": 0.42153333374857904, "train/train_accuracy_std": 0.061478486787139304, "train/train_loss_importance_vector_0_mean": 0.07999999821186066, "train/train_loss_importance_vector_0_std": 0.0, "train/train_loss_importance_vector_1_mean": 0.07999999821186066, "train/train_loss_importance_vector_1_std": 0.0, "train/train_loss_importance_vector_2_mean": 0.07999999821186066, "train/train_loss_importance_vector_2_std": 0.0, "train/train_loss_importance_vector_3_mean": 0.07999999821186066, "train/train_loss_importance_vector_3_std": 0.0, "train/train_loss_importance_vector_4_mean": 0.6800000071525574, "train/train_loss_importance_vector_4_std": 0.0, "train/train_learning_rate_mean": 0.0010000000000000005, "train/train_learning_rate_std": 4.336808689942018e-19, "val/val_loss_mean": 1.4559500459829966, "val/val_loss_std": 0.07943166436783075, "val/val_accuracy_mean": 0.3835777791837851, "val/val_accuracy_std": 0.06281848893098824, "val/val_loss_importance_vector_0_mean": 0.07999999821186066, "val/val_loss_importance_vector_0_std": 0.0, "val/val_loss_importance_vector_1_mean": 0.07999999821186066, "val/val_loss_importance_vector_1_std": 0.0, "val/val_loss_importance_vector_2_mean": 0.07999999821186066, "val/val_loss_importance_vector_2_std": 0.0, "val/val_loss_importance_vector_3_mean": 0.07999999821186066, "val/val_loss_importance_vector_3_std": 0.0, "val/val_loss_importance_vector_4_mean": 0.6800000071525574, "val/val_loss_importance_vector_4_std": 0.0, "val/val_curvature_avg_mean": 2.365527664422989, "val/val_curvature_avg_std": 0.2552665835736275, "val/val_curvature_std_mean": 1.5277284475167592, "val/val_curvature_std_std": 0.3015176563533819, "val/val_hessian_avg_mean": 0.7889960624774297, "val/val_hessian_avg_std": 0.10855983768067244, "val/val_hessian_std_mean": 0.6291849340001742, "val/val_hessian_std_std": 0.131180964390901, "val/val_grad_avg_mean": 0.3278860339522362, "val/val_grad_avg_std": 0.018273452377618623, "val/val_grad_std_mean": 0.12646476830045383, "val/val_grad_std_std": 0.011268030585993858, "_timestamp": 1686215508.5204704, "_runtime": 2676.4394903182983, "_step": 9}