{"train/train_loss_mean": 1.3808896489143372, "train/train_loss_std": 0.1236854262837073, "train/train_accuracy_mean": 0.437093332529068, "train/train_accuracy_std": 0.06355606486715842, "train/train_loss_importance_vector_0_mean": 0.006000000052154064, "train/train_loss_importance_vector_0_std": 0.0, "train/train_loss_importance_vector_1_mean": 0.006000000052154064, "train/train_loss_importance_vector_1_std": 0.0, "train/train_loss_importance_vector_2_mean": 0.006000000052154064, "train/train_loss_importance_vector_2_std": 0.0, "train/train_loss_importance_vector_3_mean": 0.006000000052154064, "train/train_loss_importance_vector_3_std": 0.0, "train/train_loss_importance_vector_4_mean": 0.9760000109672546, "train/train_loss_importance_vector_4_std": 0.0, "train/train_learning_rate_mean": 0.0010000000000000005, "train/train_learning_rate_std": 4.336808689942018e-19, "val/val_loss_mean": 1.5111179606119791, "val/val_loss_std": 0.10886717527836609, "val/val_accuracy_mean": 0.3792444455623627, "val/val_accuracy_std": 0.05824869590843792, "val/val_loss_importance_vector_0_mean": 0.006000000052154064, "val/val_loss_importance_vector_0_std": 0.0, "val/val_loss_importance_vector_1_mean": 0.006000000052154064, "val/val_loss_importance_vector_1_std": 0.0, "val/val_loss_importance_vector_2_mean": 0.006000000052154064, "val/val_loss_importance_vector_2_std": 0.0, "val/val_loss_importance_vector_3_mean": 0.006000000052154064, "val/val_loss_importance_vector_3_std": 0.0, "val/val_loss_importance_vector_4_mean": 0.9760000109672546, "val/val_loss_importance_vector_4_std": 0.0, "curvature/curvature_avg": 22.37939453125, "curvature/curvature_std": 20.466121673583984, "hessian/hessian_avg": 98.24867248535156, "hessian/hessian_std": 93.16935729980469, "grad/grad_avg": 4.545420169830322, "grad/grad_std": 0.8520163297653198, "_timestamp": 1686195652.2992654, "_runtime": 5353.699364423752, "_step": 37, "_wandb": {"runtime": 5421}}