{"train/train_loss_mean": 1.3773848736286163, "train/train_loss_std": 0.11438645868330563, "train/train_accuracy_mean": 0.43694666695594786, "train/train_accuracy_std": 0.06037373827402527, "train/train_loss_importance_vector_0_mean": 0.13333334028720856, "train/train_loss_importance_vector_0_std": 0.0, "train/train_loss_importance_vector_1_mean": 0.13333334028720856, "train/train_loss_importance_vector_1_std": 0.0, "train/train_loss_importance_vector_2_mean": 0.13333334028720856, "train/train_loss_importance_vector_2_std": 0.0, "train/train_loss_importance_vector_3_mean": 0.13333334028720856, "train/train_loss_importance_vector_3_std": 0.0, "train/train_loss_importance_vector_4_mean": 0.46666666865348816, "train/train_loss_importance_vector_4_std": 0.0, "train/train_learning_rate_mean": 0.0010000000000000005, "train/train_learning_rate_std": 4.336808689942018e-19, "val/val_loss_mean": 1.4613142812252045, "val/val_loss_std": 0.10015412646201548, "val/val_accuracy_mean": 0.3969555560251077, "val/val_accuracy_std": 0.0570567437563359, "val/val_loss_importance_vector_0_mean": 0.13333334028720856, "val/val_loss_importance_vector_0_std": 0.0, "val/val_loss_importance_vector_1_mean": 0.13333334028720856, "val/val_loss_importance_vector_1_std": 0.0, "val/val_loss_importance_vector_2_mean": 0.13333334028720856, "val/val_loss_importance_vector_2_std": 0.0, "val/val_loss_importance_vector_3_mean": 0.13333334028720856, "val/val_loss_importance_vector_3_std": 0.0, "val/val_loss_importance_vector_4_mean": 0.46666666865348816, "val/val_loss_importance_vector_4_std": 0.0, "val/val_curvature_avg_mean": 20.718953660329184, "val/val_curvature_avg_std": 1.4818876702995378, "val/val_curvature_std_mean": 12.21669105529785, "val/val_curvature_std_std": 1.4757979795086198, "val/val_hessian_avg_mean": 70.77979925791422, "val/val_hessian_avg_std": 7.394668993890292, "val/val_hessian_std_mean": 49.3368186823527, "val/val_hessian_std_std": 7.924545720583681, "val/val_grad_avg_mean": 3.3812513732910157, "val/val_grad_avg_std": 0.1522065469513875, "val/val_grad_std_mean": 0.9979987478256226, "val/val_grad_std_std": 0.08637934899331894, "_timestamp": 1686215161.3201003, "_runtime": 2326.990954399109, "_step": 4}