{"alfa+random_init/train/loss": 1.2286760807037354, "_timestamp": 1686034745.4861689, "_runtime": 13.537142753601074, "_step": 181, "alfa+random_init/train/accuracy": 0.4933333396911621, "alfa+random_init/train/loss_importance_vector_0": 0.1599999964237213, "alfa+random_init/train/loss_importance_vector_1": 0.1599999964237213, "alfa+random_init/train/loss_importance_vector_2": 0.1599999964237213, "alfa+random_init/train/loss_importance_vector_3": 0.1599999964237213, "alfa+random_init/train/loss_importance_vector_4": 0.36000001430511475, "_wandb": {"runtime": 12}}