{"alfa+random_init/train/loss": 1.6831960678100586, "_timestamp": 1686034908.4016113, "_runtime": 136.9918942451477, "_step": 4220, "alfa+random_init/train/accuracy": 0.2933333218097687, "alfa+random_init/train/loss_importance_vector_0": 0.20000000298023224, "alfa+random_init/train/loss_importance_vector_1": 0.20000000298023224, "alfa+random_init/train/loss_importance_vector_2": 0.20000000298023224, "alfa+random_init/train/loss_importance_vector_3": 0.20000000298023224, "alfa+random_init/train/loss_importance_vector_4": 0.20000000298023224, "_wandb": {"runtime": 136}}